INSTANCE,ALGORITHM,SEED,STATUS,OBJECTIVE,NODES
b2c1s1,cplex-default,29,Feasible,26083.2,70879
b2c1s1,cplex-polishing,29,Feasible,25716.92,50011
b2c1s1,maravilha,29,Feasible,25711.91923,52308
b2c1s1,none,29,Feasible,26083.2,50000
b2c1s1,rothberg,29,Feasible,25716.92,50019
b2c1s1,cplex-default,173,Feasible,26239.02,73411
b2c1s1,cplex-polishing,173,Feasible,25701.91,50013
b2c1s1,maravilha,173,Feasible,25687.91,50628
b2c1s1,none,173,Feasible,26239.02,50000
b2c1s1,rothberg,173,Feasible,25701.90999,50014
b2c1s1,cplex-default,281,Feasible,25917.72,80933
b2c1s1,cplex-polishing,281,Feasible,25687.91,50013
b2c1s1,maravilha,281,Feasible,25687.91,51165
b2c1s1,none,281,Feasible,25917.72,50000
b2c1s1,rothberg,281,Feasible,25917.72,52902
b2c1s1,cplex-default,409,Feasible,26113.13,75449
b2c1s1,cplex-polishing,409,Feasible,25789.63,50013
b2c1s1,maravilha,409,Feasible,25687.91,51467
b2c1s1,none,409,Feasible,26357.12,50000
b2c1s1,rothberg,409,Feasible,25857.17,50024
b2c1s1,cplex-default,541,Feasible,26201.07,76001
b2c1s1,cplex-polishing,541,Feasible,25789.63,50014
b2c1s1,maravilha,541,Feasible,25687.90994,53648
b2c1s1,none,541,Feasible,26201.07,50000
b2c1s1,rothberg,541,Feasible,25862.91999,50020
bab1,cplex-default,29,Feasible,-218706.04775,67219
bab1,cplex-polishing,29,Feasible,-218706.04775,50007
bab1,maravilha,29,Feasible,-218706.04775,50002
bab1,none,29,Feasible,-218706.04775,50000
bab1,rothberg,29,Feasible,-218706.04775,50003
bab1,cplex-default,173,Feasible,-218706.04775,69661
bab1,cplex-polishing,173,Feasible,-218764.88525,50006
bab1,maravilha,173,Feasible,-218764.88525,50003
bab1,none,173,Feasible,-218706.04775,50000
bab1,rothberg,173,Feasible,-218764.88525,50002
bab1,cplex-default,281,Feasible,-218706.04775,69001
bab1,cplex-polishing,281,Feasible,-218764.88525,50006
bab1,maravilha,281,Feasible,-218764.88525,50004
bab1,none,281,Feasible,-218706.04775,50000
bab1,rothberg,281,Feasible,-218764.88525,50002
bab1,cplex-default,409,Feasible,-218764.88525,67081
bab1,cplex-polishing,409,Feasible,-218764.88525,50006
bab1,maravilha,409,Feasible,-218764.88525,50007
bab1,none,409,Feasible,-218764.88525,50000
bab1,rothberg,409,Feasible,-218764.88525,50001
bab1,cplex-default,541,Feasible,-218764.88525,68517
bab1,cplex-polishing,541,Feasible,-218764.88525,50007
bab1,maravilha,541,Feasible,-218764.88525,50004
bab1,none,541,Feasible,-218764.88525,50000
bab1,rothberg,541,Feasible,-218764.88525,50002
bg512142,cplex-default,29,Feasible,206168,72776
bg512142,cplex-polishing,29,Feasible,191175.5,50001
bg512142,maravilha,29,Feasible,185414,50156
bg512142,none,29,Feasible,206168,50000
bg512142,rothberg,29,Feasible,190545.625,50009
bg512142,cplex-default,173,Feasible,209098,71026
bg512142,cplex-polishing,173,Feasible,195411.5,50001
bg512142,maravilha,173,Feasible,192496.1,50252
bg512142,none,173,Feasible,209098,50000
bg512142,rothberg,173,Feasible,188132,50003
bg512142,cplex-default,281,Feasible,206730.5,73720
bg512142,cplex-polishing,281,Feasible,195229,50001
bg512142,maravilha,281,Feasible,189210.16667,50265
bg512142,none,281,Feasible,206730.5,50000
bg512142,rothberg,281,Feasible,190766.5,50007
bg512142,cplex-default,409,Feasible,198719,69306
bg512142,cplex-polishing,409,Feasible,190873.5,50001
bg512142,maravilha,409,Feasible,193711.5,50316
bg512142,none,409,Feasible,208651.16667,50000
bg512142,rothberg,409,Feasible,190959,50005
bg512142,cplex-default,541,Feasible,206060.75,72501
bg512142,cplex-polishing,541,Feasible,194880.5,50001
bg512142,maravilha,541,Feasible,188648.5,50257
bg512142,none,541,Feasible,206060.75,50000
bg512142,rothberg,541,Feasible,187927.75,50005
d10200,cplex-default,29,Feasible,12446,70650
d10200,cplex-polishing,29,Feasible,12447,50003
d10200,maravilha,29,Feasible,12438,50162
d10200,none,29,Feasible,12447,50000
d10200,rothberg,29,Feasible,12447,50001
d10200,cplex-default,173,Feasible,12450,69114
d10200,cplex-polishing,173,Feasible,12435,50004
d10200,maravilha,173,Feasible,12444,50240
d10200,none,173,Feasible,12454,50000
d10200,rothberg,173,Feasible,12449,50003
d10200,cplex-default,281,Feasible,12445,69633
d10200,cplex-polishing,281,Feasible,12436,50003
d10200,maravilha,281,Feasible,12442,50193
d10200,none,281,Feasible,12448,50000
d10200,rothberg,281,Feasible,12442,50001
d10200,cplex-default,409,Feasible,12445,72658
d10200,cplex-polishing,409,Feasible,12444,50002
d10200,maravilha,409,Feasible,12441,50254
d10200,none,409,Feasible,12455,50000
d10200,rothberg,409,Feasible,12455,50001
d10200,cplex-default,541,Feasible,12448,70827
d10200,cplex-polishing,541,Feasible,12443,50003
d10200,maravilha,541,Feasible,12441,50290
d10200,none,541,Feasible,12448,50000
d10200,rothberg,541,Feasible,12448,50002
d20200,cplex-default,29,Feasible,12266,87392
d20200,cplex-polishing,29,Feasible,12266,50003
d20200,maravilha,29,Feasible,12266,50523
d20200,none,29,Feasible,12266,50000
d20200,rothberg,29,Feasible,12266,50002
d20200,cplex-default,173,Feasible,12269,91823
d20200,cplex-polishing,173,Feasible,12260,50004
d20200,maravilha,173,Feasible,12261,50286
d20200,none,173,Feasible,12278,50000
d20200,rothberg,173,Feasible,12275,50003
d20200,cplex-default,281,Feasible,12285,91645
d20200,cplex-polishing,281,Feasible,12258,50005
d20200,maravilha,281,Feasible,12268,50587
d20200,none,281,Feasible,12285,50000
d20200,rothberg,281,Feasible,12261,50003
d20200,cplex-default,409,Feasible,12272,92641
d20200,cplex-polishing,409,Feasible,12267,50004
d20200,maravilha,409,Feasible,12284,50337
d20200,none,409,Feasible,12287,50000
d20200,rothberg,409,Feasible,12272,50007
d20200,cplex-default,541,Feasible,12272,93579
d20200,cplex-polishing,541,Feasible,12271,50004
d20200,maravilha,541,Feasible,12263,50261
d20200,none,541,Feasible,12281,50000
d20200,rothberg,541,Feasible,12277,50004
dc1c,cplex-default,29,Feasible,1781453.9501,74718
dc1c,cplex-polishing,29,Feasible,1779828.0101,50013
dc1c,maravilha,29,Feasible,1781438.1101,50229
dc1c,none,29,Feasible,1781453.9501,50000
dc1c,rothberg,29,Feasible,1780077.3801,50059
dc1c,cplex-default,173,Feasible,1804592.2501,78001
dc1c,cplex-polishing,173,Feasible,1800535.2601,50017
dc1c,maravilha,173,Feasible,1789641.5301,51808
dc1c,none,173,Feasible,1814863.0201,50000
dc1c,rothberg,173,Feasible,1790848.4301,50304
dc1c,cplex-default,281,Feasible,1802654.9101,78917
dc1c,cplex-polishing,281,Feasible,1789844.1601,50015
dc1c,maravilha,281,Feasible,1793256.9901,51449
dc1c,none,281,Feasible,1803285.7401,50000
dc1c,rothberg,281,Feasible,1781861.0201,50160
dc1c,cplex-default,409,Feasible,1790575.9601,77241
dc1c,cplex-polishing,409,Feasible,1788921.6501,50015
dc1c,maravilha,409,Feasible,1790409.9301,50325
dc1c,none,409,Feasible,1790575.9601,50000
dc1c,rothberg,409,Feasible,1784951.9001,50021
dc1c,cplex-default,541,Feasible,1791319.7301,76242
dc1c,cplex-polishing,541,Feasible,1788626.8001,50015
dc1c,maravilha,541,Feasible,1791310.3501,50123
dc1c,none,541,Feasible,1791372.6201,50000
dc1c,rothberg,541,Feasible,1780155.8201,50228
dc1l,cplex-default,29,Feasible,1826296.5001,89736
dc1l,cplex-polishing,29,Feasible,1797586.1701,50044
dc1l,maravilha,29,Feasible,1815251.5301,51677
dc1l,none,29,Feasible,1826531.1201,50000
dc1l,rothberg,29,Feasible,1801848.1201,50340
dc1l,cplex-default,173,Feasible,1835570.4901,89048
dc1l,cplex-polishing,173,Feasible,1805981.9701,50046
dc1l,maravilha,173,Feasible,1781953.8601,52492
dc1l,none,173,Feasible,1835612.2901,50000
dc1l,rothberg,173,Feasible,1808509.3001,50258
dc1l,cplex-default,281,Feasible,1835568.0901,90174
dc1l,cplex-polishing,281,Feasible,1805050.5501,50049
dc1l,maravilha,281,Feasible,1801875.4801,52812
dc1l,none,281,Feasible,1835846.4101,50000
dc1l,rothberg,281,Feasible,1799675.8701,50392
dc1l,cplex-default,409,Feasible,1824371.1001,88164
dc1l,cplex-polishing,409,Feasible,1796310.1501,50038
dc1l,maravilha,409,Feasible,1805079.4801,52632
dc1l,none,409,Feasible,1824661.2601,50000
dc1l,rothberg,409,Feasible,1792759.3501,50338
dc1l,cplex-default,541,Feasible,1803922.2701,95384
dc1l,cplex-polishing,541,Feasible,1798798.8801,50041
dc1l,maravilha,541,Feasible,1793378.7801,53948
dc1l,none,541,Feasible,1804385.4501,50000
dc1l,rothberg,541,Feasible,1790561.3901,50517
dg012142,cplex-default,29,Feasible,4133983,71819
dg012142,cplex-polishing,29,Feasible,3457524.93581,50001
dg012142,maravilha,29,Feasible,3057076.22074,50281
dg012142,none,29,Feasible,4370888.42424,50000
dg012142,rothberg,29,Feasible,3400321.62366,50019
dg012142,cplex-default,173,Feasible,3336308.08631,69382
dg012142,cplex-polishing,173,Feasible,2329439.33333,50001
dg012142,maravilha,173,Feasible,2317691,50297
dg012142,none,173,Feasible,3336308.08631,50000
dg012142,rothberg,173,Feasible,2318208.91045,50008
dg012142,cplex-default,281,Feasible,4020933.34694,70693
dg012142,cplex-polishing,281,Feasible,3237697.06897,50001
dg012142,maravilha,281,Feasible,2866375.86667,50181
dg012142,none,281,Feasible,4020933.34694,50000
dg012142,rothberg,281,Feasible,3021908,50003
dg012142,cplex-default,409,Feasible,3807990,72136
dg012142,cplex-polishing,409,Feasible,2916132,50001
dg012142,maravilha,409,Feasible,2511492.5,50084
dg012142,none,409,Feasible,3807990,50000
dg012142,rothberg,409,Feasible,2716268.75,50012
dg012142,cplex-default,541,Feasible,3798069,72401
dg012142,cplex-polishing,541,Feasible,2923474,50001
dg012142,maravilha,541,Feasible,2539716.5,50232
dg012142,none,541,Feasible,3798069,50000
dg012142,rothberg,541,Feasible,2709861.06667,50003
dolom1,cplex-default,29,Feasible,86862616.97001,73452
dolom1,cplex-polishing,29,Feasible,16731798.0707,50011
dolom1,maravilha,29,Feasible,47434617.0767,50073
dolom1,none,29,Feasible,86875962.98,50000
dolom1,rothberg,29,Feasible,18989116.0931,50145
dolom1,cplex-default,173,Feasible,61295537.0353,72459
dolom1,cplex-polishing,173,Feasible,22946212.1227,50009
dolom1,maravilha,173,Feasible,20678257.0996,50059
dolom1,none,173,Feasible,86106597.053,50000
dolom1,rothberg,173,Feasible,14144090.0546,50150
dolom1,cplex-default,281,Feasible,108860866.98229,74271
dolom1,cplex-polishing,281,Feasible,17085586.0337,50011
dolom1,maravilha,281,Feasible,69383529.0947,50108
dolom1,none,281,Feasible,128897588.9608,50000
dolom1,rothberg,281,Feasible,15259110.0659,50183
dolom1,cplex-default,409,Feasible,130896443.97082,72324
dolom1,cplex-polishing,409,Feasible,11864906.0119,50014
dolom1,maravilha,409,Feasible,71905114.1002,50135
dolom1,none,409,Feasible,139924775.95943,50000
dolom1,rothberg,409,Feasible,51742897.24914,50002
dolom1,cplex-default,541,Feasible,117888206.98,73252
dolom1,cplex-polishing,541,Feasible,22679017.0996,50015
dolom1,maravilha,541,Feasible,59551123.05947,50097
dolom1,none,541,Feasible,126906566.99,50000
dolom1,rothberg,541,Feasible,25843427.0711,50186
ex1010-pi,cplex-default,29,Feasible,241,84454
ex1010-pi,cplex-polishing,29,Feasible,238,50017
ex1010-pi,maravilha,29,Feasible,238,53733
ex1010-pi,none,29,Feasible,243,50000
ex1010-pi,rothberg,29,Feasible,235,50009
ex1010-pi,cplex-default,173,Feasible,244,87132
ex1010-pi,cplex-polishing,173,Feasible,238,50018
ex1010-pi,maravilha,173,Feasible,242,52491
ex1010-pi,none,173,Feasible,245,50000
ex1010-pi,rothberg,173,Feasible,237,50009
ex1010-pi,cplex-default,281,Feasible,241,82001
ex1010-pi,cplex-polishing,281,Feasible,238,50019
ex1010-pi,maravilha,281,Feasible,239,54112
ex1010-pi,none,281,Feasible,242,50000
ex1010-pi,rothberg,281,Feasible,237,50009
ex1010-pi,cplex-default,409,Feasible,244,90686
ex1010-pi,cplex-polishing,409,Feasible,241,50024
ex1010-pi,maravilha,409,Feasible,240,56012
ex1010-pi,none,409,Feasible,245,50000
ex1010-pi,rothberg,409,Feasible,237,50015
ex1010-pi,cplex-default,541,Feasible,244,84801
ex1010-pi,cplex-polishing,541,Feasible,241,50024
ex1010-pi,maravilha,541,Feasible,243,53714
ex1010-pi,none,541,Feasible,245,50000
ex1010-pi,rothberg,541,Feasible,237,50009
g200x740i,cplex-default,29,Feasible,31011,69456
g200x740i,cplex-polishing,29,Feasible,30435,50007
g200x740i,maravilha,29,Feasible,30114.9992,50590
g200x740i,none,29,Feasible,31053,50000
g200x740i,rothberg,29,Feasible,31022,50385
g200x740i,cplex-default,173,Feasible,31745,66311
g200x740i,cplex-polishing,173,Feasible,31016,50006
g200x740i,maravilha,173,Feasible,30212.99976,50392
g200x740i,none,173,Feasible,31914,50000
g200x740i,rothberg,173,Feasible,31267,50360
g200x740i,cplex-default,281,Feasible,31463,68007
g200x740i,cplex-polishing,281,Feasible,30516,50011
g200x740i,maravilha,281,Feasible,30123.99955,50633
g200x740i,none,281,Feasible,31463,50000
g200x740i,rothberg,281,Feasible,30846,50586
g200x740i,cplex-default,409,Feasible,32080,69421
g200x740i,cplex-polishing,409,Feasible,30576,50007
g200x740i,maravilha,409,Feasible,30177.99954,50725
g200x740i,none,409,Feasible,32252,50000
g200x740i,rothberg,409,Feasible,30909.99992,50432
g200x740i,cplex-default,541,Feasible,32000,69759
g200x740i,cplex-polishing,541,Feasible,30167,50006
g200x740i,maravilha,541,Feasible,30273.99867,50498
g200x740i,none,541,Feasible,32000,50000
g200x740i,rothberg,541,Feasible,31297,50429
germanrr,cplex-default,29,Feasible,47105305.3396,70363
germanrr,cplex-polishing,29,Feasible,47095869.6494,50018
germanrr,maravilha,29,Feasible,47095869.6494,54674
germanrr,none,29,Feasible,47105305.3396,50000
germanrr,rothberg,29,Feasible,47095871.1794,51012
germanrr,cplex-default,173,Feasible,47125355.6706,69848
germanrr,cplex-polishing,173,Feasible,47105303.8106,50018
germanrr,maravilha,173,Feasible,47095869.6494,53917
germanrr,none,173,Feasible,47125355.6706,50000
germanrr,rothberg,173,Feasible,47095891.139,50023
germanrr,cplex-default,281,Feasible,47115734.038,69547
germanrr,cplex-polishing,281,Feasible,47105713.5596,50016
germanrr,maravilha,281,Feasible,47095869.6498,54964
germanrr,none,281,Feasible,47115945.5582,50000
germanrr,rothberg,281,Feasible,47095869.6494,50024
germanrr,cplex-default,409,Feasible,47096138.259,69390
germanrr,cplex-polishing,409,Feasible,47105303.8096,50015
germanrr,maravilha,409,Feasible,47115921.5094,54712
germanrr,none,409,Feasible,47135791.1692,50000
germanrr,rothberg,409,Feasible,47105303.8096,50343
germanrr,cplex-default,541,Feasible,47135415.519,76411
germanrr,cplex-polishing,541,Feasible,47125981.3588,50019
germanrr,maravilha,541,Feasible,47115921.5094,56713
germanrr,none,541,Feasible,47135420.8586,50000
germanrr,rothberg,541,Feasible,47095869.6494,50033
gmut-75-50,cplex-default,29,Feasible,-14179039.5259,75814
gmut-75-50,cplex-polishing,29,Feasible,-14179386.2042,50070
gmut-75-50,maravilha,29,Feasible,-14178846.4113,50151
gmut-75-50,none,29,Feasible,-14178846.4113,50000
gmut-75-50,rothberg,29,Feasible,-14178902.7347,50006
gmut-75-50,cplex-default,173,Feasible,-14178075.6169,74747
gmut-75-50,cplex-polishing,173,Feasible,-14178293.7437,50066
gmut-75-50,maravilha,173,Feasible,-14177445.74091,50182
gmut-75-50,none,173,Feasible,-14176884.8106,50000
gmut-75-50,rothberg,173,Feasible,-14177391.5942,50006
gmut-75-50,cplex-default,281,Feasible,-14178872.1197,72871
gmut-75-50,cplex-polishing,281,Feasible,-14179207.3447,50084
gmut-75-50,maravilha,281,Feasible,-14178041.66262,50202
gmut-75-50,none,281,Feasible,-14178003.1162,50000
gmut-75-50,rothberg,281,Feasible,-14178014.8568,50008
gmut-75-50,cplex-default,409,Feasible,-14179269.4403,80361
gmut-75-50,cplex-polishing,409,Feasible,-14179642.6216,50095
gmut-75-50,maravilha,409,Feasible,-14179219.2427,50008
gmut-75-50,none,409,Feasible,-14179219.2427,50000
gmut-75-50,rothberg,409,Feasible,-14179219.24282,50009
gmut-75-50,cplex-default,541,Feasible,-14179378.6721,69676
gmut-75-50,cplex-polishing,541,Feasible,-14179354.6834,50075
gmut-75-50,maravilha,541,Feasible,-14178687.2803,50188
gmut-75-50,none,541,Feasible,-14178687.2803,50000
gmut-75-50,rothberg,541,Feasible,-14178687.2806,50006
gmut-77-40,cplex-default,29,Feasible,-14167114.3297,73121
gmut-77-40,cplex-polishing,29,Feasible,-14166929.2483,50031
gmut-77-40,maravilha,29,Feasible,-14166648.22121,50015
gmut-77-40,none,29,Feasible,-14166564.5419,50000
gmut-77-40,rothberg,29,Feasible,-14166738.97014,50015
gmut-77-40,cplex-default,173,Feasible,-14168094.6835,70090
gmut-77-40,cplex-polishing,173,Feasible,-14168113.1676,50027
gmut-77-40,maravilha,173,Feasible,-14167550.97047,50310
gmut-77-40,none,173,Feasible,-14167532.5555,50000
gmut-77-40,rothberg,173,Feasible,-14167708.7465,50009
gmut-77-40,cplex-default,281,Feasible,-14167208.3403,70656
gmut-77-40,cplex-polishing,281,Feasible,-14167157.5817,50022
gmut-77-40,maravilha,281,Feasible,-14167056.9383,50371
gmut-77-40,none,281,Feasible,-14167010.6276,50000
gmut-77-40,rothberg,281,Feasible,-14167016.09594,50007
gmut-77-40,cplex-default,409,Feasible,-14167014.0601,72377
gmut-77-40,cplex-polishing,409,Feasible,-14167080.2175,50029
gmut-77-40,maravilha,409,Feasible,-14167001.96196,50341
gmut-77-40,none,409,Feasible,-14166994.2427,50000
gmut-77-40,rothberg,409,Feasible,-14166994.2427,50009
gmut-77-40,cplex-default,541,Feasible,-14166276.9172,78743
gmut-77-40,cplex-polishing,541,Feasible,-14168466.6274,50033
gmut-77-40,maravilha,541,Feasible,-14165092.64299,50460
gmut-77-40,none,541,Feasible,-14164984.5152,50000
gmut-77-40,rothberg,541,Feasible,-14165217.73162,50018
liu,cplex-default,29,Feasible,1242,64428
liu,cplex-polishing,29,Feasible,1234,50001
liu,maravilha,29,Feasible,1250,50048
liu,none,29,Feasible,1276,50000
liu,rothberg,29,Feasible,1208,50001
liu,cplex-default,173,Feasible,1260,66101
liu,cplex-polishing,173,Feasible,1250,50001
liu,maravilha,173,Feasible,1216,50050
liu,none,173,Feasible,1300,50000
liu,rothberg,173,Feasible,1272,50001
liu,cplex-default,281,Feasible,1248,69546
liu,cplex-polishing,281,Feasible,1172,50001
liu,maravilha,281,Feasible,1214,50046
liu,none,281,Feasible,1264,50000
liu,rothberg,281,Feasible,1210,50002
liu,cplex-default,409,Feasible,1222,64475
liu,cplex-polishing,409,Feasible,1188,50001
liu,maravilha,409,Feasible,1210,50043
liu,none,409,Feasible,1222,50000
liu,rothberg,409,Feasible,1172,50002
liu,cplex-default,541,Feasible,1256,63451
liu,cplex-polishing,541,Feasible,1250,50001
liu,maravilha,541,Feasible,1192,50070
liu,none,541,Feasible,1264,50000
liu,rothberg,541,Feasible,1242,50002
mkc,cplex-default,29,Feasible,-563.766,61673
mkc,cplex-polishing,29,Feasible,-563.846,50039
mkc,maravilha,29,Feasible,-563.846,50628
mkc,none,29,Feasible,-563.652,50000
mkc,rothberg,29,Feasible,-563.846,50095
mkc,cplex-default,173,Feasible,-563.732,62485
mkc,cplex-polishing,173,Feasible,-563.846,50025
mkc,maravilha,173,Feasible,-563.732,50346
mkc,none,173,Feasible,-563.732,50000
mkc,rothberg,173,Feasible,-563.846,50124
mkc,cplex-default,281,Feasible,-563.732,62876
mkc,cplex-polishing,281,Feasible,-563.846,50033
mkc,maravilha,281,Feasible,-563.732,50285
mkc,none,281,Feasible,-563.732,50000
mkc,rothberg,281,Feasible,-563.846,50031
mkc,cplex-default,409,Feasible,-563.332,63837
mkc,cplex-polishing,409,Feasible,-563.846,50053
mkc,maravilha,409,Feasible,-563.332,50557
mkc,none,409,Feasible,-563.332,50000
mkc,rothberg,409,Feasible,-563.846,50142
mkc,cplex-default,541,Feasible,-563.292,64836
mkc,cplex-polishing,541,Feasible,-563.732,50027
mkc,maravilha,541,Feasible,-563.492,50361
mkc,none,541,Feasible,-563.292,50000
mkc,rothberg,541,Feasible,-563.732,50089
n3700,cplex-default,29,Feasible,1286913,103655
n3700,cplex-polishing,29,Feasible,1279360,50006
n3700,maravilha,29,Feasible,1260672.92933,65549
n3700,none,29,Feasible,1295389,50000
n3700,rothberg,29,Feasible,1286926,50887
n3700,cplex-default,173,Feasible,1289821,102896
n3700,cplex-polishing,173,Feasible,1282431,50007
n3700,maravilha,173,Feasible,1259826.99889,63857
n3700,none,173,Feasible,1293501,50000
n3700,rothberg,173,Feasible,1279137,50740
n3700,cplex-default,281,Feasible,1293741,102039
n3700,cplex-polishing,281,Feasible,1277987,50006
n3700,maravilha,281,Feasible,1277229.94179,64246
n3700,none,281,Feasible,1298006,50000
n3700,rothberg,281,Feasible,1289687,50902
n3700,cplex-default,409,Feasible,1282784,102686
n3700,cplex-polishing,409,Feasible,1273468,50006
n3700,maravilha,409,Feasible,1268609.99696,59778
n3700,none,409,Feasible,1286210,50000
n3700,rothberg,409,Feasible,1280092,50811
n3700,cplex-default,541,Feasible,1281083,96319
n3700,cplex-polishing,541,Feasible,1276103,50005
n3700,maravilha,541,Feasible,1263584.99917,61045
n3700,none,541,Feasible,1296060,50000
n3700,rothberg,541,Feasible,1278564,50679
n3705,cplex-default,29,Feasible,1272990,95293
n3705,cplex-polishing,29,Feasible,1261769,50007
n3705,maravilha,29,Feasible,1251941.99419,60347
n3705,none,29,Feasible,1282435,50000
n3705,rothberg,29,Feasible,1282435,50960
n3705,cplex-default,173,Feasible,1268614,100747
n3705,cplex-polishing,173,Feasible,1247915,50006
n3705,maravilha,173,Feasible,1243450.94491,60780
n3705,none,173,Feasible,1270502,50000
n3705,rothberg,173,Feasible,1270502,50658
n3705,cplex-default,281,Feasible,1269485,102401
n3705,cplex-polishing,281,Feasible,1253189,50008
n3705,maravilha,281,Feasible,1249010.99781,62990
n3705,none,281,Feasible,1271245,50000
n3705,rothberg,281,Feasible,1264480,50802
n3705,cplex-default,409,Feasible,1283852,95489
n3705,cplex-polishing,409,Feasible,1265928,50005
n3705,maravilha,409,Feasible,1252670.98611,59307
n3705,none,409,Feasible,1287201,50000
n3705,rothberg,409,Feasible,1265999,50458
n3705,cplex-default,541,Feasible,1286505,99353
n3705,cplex-polishing,541,Feasible,1246827,50007
n3705,maravilha,541,Feasible,1261156.9998,58680
n3705,none,541,Feasible,1289713,50000
n3705,rothberg,541,Feasible,1271955,50567
n370a,cplex-default,29,Feasible,1294416,104801
n370a,cplex-polishing,29,Feasible,1285381,50006
n370a,maravilha,29,Feasible,1277198.99871,63297
n370a,none,29,Feasible,1300380,50000
n370a,rothberg,29,Feasible,1292758,50970
n370a,cplex-default,173,Feasible,1283769,103645
n370a,cplex-polishing,173,Feasible,1277600,50006
n370a,maravilha,173,Feasible,1254800.98275,61662
n370a,none,173,Feasible,1285020,50000
n370a,rothberg,173,Feasible,1285020,50728
n370a,cplex-default,281,Feasible,1288464,99111
n370a,cplex-polishing,281,Feasible,1284141,50006
n370a,maravilha,281,Feasible,1275407.99896,56357
n370a,none,281,Feasible,1289832,50000
n370a,rothberg,281,Feasible,1289832,50989
n370a,cplex-default,409,Feasible,1297492,104613
n370a,cplex-polishing,409,Feasible,1290870,50005
n370a,maravilha,409,Feasible,1272762.97855,62956
n370a,none,409,Feasible,1301658,50000
n370a,rothberg,409,Feasible,1296292,50547
n370a,cplex-default,541,Feasible,1281845,101800
n370a,cplex-polishing,541,Feasible,1265661,50005
n370a,maravilha,541,Feasible,1263749.98558,62166
n370a,none,541,Feasible,1294116,50000
n370a,rothberg,541,Feasible,1294116,50803
nag,cplex-default,29,Feasible,1815,69172
nag,cplex-polishing,29,Feasible,1350,50001
nag,maravilha,29,Feasible,1530,50095
nag,none,29,Feasible,1815,50000
nag,rothberg,29,Feasible,1545,50003
nag,cplex-default,173,Feasible,1500,66825
nag,cplex-polishing,173,Feasible,1260,50003
nag,maravilha,173,Feasible,1320,50117
nag,none,173,Feasible,1500,50000
nag,rothberg,173,Feasible,1440,50003
nag,cplex-default,281,Feasible,1665,69512
nag,cplex-polishing,281,Feasible,1305,50004
nag,maravilha,281,Feasible,1455,50146
nag,none,281,Feasible,1725,50000
nag,rothberg,281,Feasible,1350,50005
nag,cplex-default,409,Feasible,1530,66621
nag,cplex-polishing,409,Feasible,1320,50004
nag,maravilha,409,Feasible,1485,50110
nag,none,409,Feasible,1605,50000
nag,rothberg,409,Feasible,1320,50004
nag,cplex-default,541,Feasible,1545,68089
nag,cplex-polishing,541,Feasible,1455,50004
nag,maravilha,541,Feasible,1470,50286
nag,none,541,Feasible,1545,50000
nag,rothberg,541,Feasible,1395,50004
ns2124243,cplex-default,29,Feasible,77680,83201
ns2124243,cplex-polishing,29,Feasible,77480,50013
ns2124243,maravilha,29,Feasible,77580,50734
ns2124243,none,29,Feasible,78030,50000
ns2124243,rothberg,29,Feasible,77500,50010
ns2124243,cplex-default,173,Feasible,77760,84968
ns2124243,cplex-polishing,173,Feasible,77500,50007
ns2124243,maravilha,173,Feasible,77710,50747
ns2124243,none,173,Feasible,77980,50000
ns2124243,rothberg,173,Feasible,77480,50013
ns2124243,cplex-default,281,Feasible,77860,75594
ns2124243,cplex-polishing,281,Feasible,77600,50008
ns2124243,maravilha,281,Feasible,77560,50777
ns2124243,none,281,Feasible,78040,50000
ns2124243,rothberg,281,Feasible,77480,50013
ns2124243,cplex-default,409,Feasible,77790,74391
ns2124243,cplex-polishing,409,Feasible,77480,50006
ns2124243,maravilha,409,Feasible,77580,50751
ns2124243,none,409,Feasible,77960,50000
ns2124243,rothberg,409,Feasible,77460,50013
ns2124243,cplex-default,541,Feasible,77460,76959
ns2124243,cplex-polishing,541,Feasible,77460,50006
ns2124243,maravilha,541,Feasible,77460,50753
ns2124243,none,541,Feasible,77480,50000
ns2124243,rothberg,541,Feasible,77460,50009
ns2137859,cplex-default,29,Feasible,29571,69217
ns2137859,cplex-polishing,29,Feasible,27230,50024
ns2137859,maravilha,29,Feasible,28499,50537
ns2137859,none,29,Feasible,29571,50000
ns2137859,rothberg,29,Feasible,27171,50037
ns2137859,cplex-default,173,Feasible,28577,69706
ns2137859,cplex-polishing,173,Feasible,27313,50032
ns2137859,maravilha,173,Feasible,28523,50055
ns2137859,none,173,Feasible,28633,50000
ns2137859,rothberg,173,Feasible,27304,50030
ns2137859,cplex-default,281,Feasible,29639,63642
ns2137859,cplex-polishing,281,Feasible,28342,50009
ns2137859,maravilha,281,Feasible,28597,50073
ns2137859,none,281,Feasible,29665,50000
ns2137859,rothberg,281,Feasible,28541,50012
ns2137859,cplex-default,409,Feasible,29868,65491
ns2137859,cplex-polishing,409,Feasible,28372,50023
ns2137859,maravilha,409,Feasible,28657,50475
ns2137859,none,409,Feasible,29921,50000
ns2137859,rothberg,409,Feasible,27366,50024
ns2137859,cplex-default,541,Feasible,28699,86220
ns2137859,cplex-polishing,541,Feasible,27280,50033
ns2137859,maravilha,541,Feasible,28596,50317
ns2137859,none,541,Feasible,28699,50000
ns2137859,rothberg,541,Feasible,27099,50052
nu120-pr3,cplex-default,29,Feasible,28660,77263
nu120-pr3,cplex-polishing,29,Feasible,28575,50012
nu120-pr3,maravilha,29,Feasible,28720,50806
nu120-pr3,none,29,Feasible,29130,50000
nu120-pr3,rothberg,29,Feasible,28635,50053
nu120-pr3,cplex-default,173,Feasible,28600,72994
nu120-pr3,cplex-polishing,173,Feasible,28520,50013
nu120-pr3,maravilha,173,Feasible,28585,51980
nu120-pr3,none,173,Feasible,29160,50000
nu120-pr3,rothberg,173,Feasible,28585,50151
nu120-pr3,cplex-default,281,Feasible,28585,75678
nu120-pr3,cplex-polishing,281,Feasible,28585,50012
nu120-pr3,maravilha,281,Feasible,28585,50527
nu120-pr3,none,281,Feasible,28585,50000
nu120-pr3,rothberg,281,Feasible,28585,50029
nu120-pr3,cplex-default,409,Feasible,28660,74251
nu120-pr3,cplex-polishing,409,Feasible,28130,50010
nu120-pr3,maravilha,409,Feasible,28585,50619
nu120-pr3,none,409,Feasible,28660,50000
nu120-pr3,rothberg,409,Feasible,28585,50016
nu120-pr3,cplex-default,541,Feasible,28585,74578
nu120-pr3,cplex-polishing,541,Feasible,28585,50011
nu120-pr3,maravilha,541,Feasible,28585,50672
nu120-pr3,none,541,Feasible,28585,50000
nu120-pr3,rothberg,541,Feasible,28585,50007
p100x588b,cplex-default,29,Feasible,48244,75217
p100x588b,cplex-polishing,29,Feasible,48189,50003
p100x588b,maravilha,29,Feasible,48188.99998,50536
p100x588b,none,29,Feasible,48534,50000
p100x588b,rothberg,29,Feasible,48534,50268
p100x588b,cplex-default,173,Feasible,48593,66401
p100x588b,cplex-polishing,173,Feasible,48593,50004
p100x588b,maravilha,173,Feasible,48275.99705,50798
p100x588b,none,173,Feasible,48617,50000
p100x588b,rothberg,173,Feasible,48617,50432
p100x588b,cplex-default,281,Feasible,48264,68994
p100x588b,cplex-polishing,281,Feasible,48244,50004
p100x588b,maravilha,281,Feasible,48243.9994,50607
p100x588b,none,281,Feasible,48429,50000
p100x588b,rothberg,281,Feasible,48429,50477
p100x588b,cplex-default,409,Feasible,48593,68671
p100x588b,cplex-polishing,409,Feasible,48675,50003
p100x588b,maravilha,409,Feasible,48642.9987,50604
p100x588b,none,409,Feasible,48886,50000
p100x588b,rothberg,409,Feasible,48886,50358
p100x588b,cplex-default,541,Feasible,48244,69754
p100x588b,cplex-polishing,541,Feasible,48276,50003
p100x588b,maravilha,541,Feasible,48243.99963,51140
p100x588b,none,541,Feasible,48276,50000
p100x588b,rothberg,541,Feasible,48276,50268
probportfolio,cplex-default,29,Feasible,18.15529,70001
probportfolio,cplex-polishing,29,Feasible,17.85345,50004
probportfolio,maravilha,29,Feasible,17.85345,50213
probportfolio,none,29,Feasible,18.15529,50000
probportfolio,rothberg,29,Feasible,18.06007,50003
probportfolio,cplex-default,173,Feasible,17.73615,72389
probportfolio,cplex-polishing,173,Feasible,18.12172,50003
probportfolio,maravilha,173,Feasible,18.12172,50328
probportfolio,none,173,Feasible,18.12172,50000
probportfolio,rothberg,173,Feasible,17.85345,50003
probportfolio,cplex-default,281,Feasible,18.0981,74420
probportfolio,cplex-polishing,281,Feasible,17.72821,50003
probportfolio,maravilha,281,Feasible,17.8563,50241
probportfolio,none,281,Feasible,18.0981,50000
probportfolio,rothberg,281,Feasible,17.91333,50003
probportfolio,cplex-default,409,Feasible,18.28207,74001
probportfolio,cplex-polishing,409,Feasible,17.29752,50002
probportfolio,maravilha,409,Feasible,17.32335,50359
probportfolio,none,409,Feasible,18.28207,50000
probportfolio,rothberg,409,Feasible,17.26546,50003
probportfolio,cplex-default,541,Feasible,18.20497,72511
probportfolio,cplex-polishing,541,Feasible,18.02281,50003
probportfolio,maravilha,541,Feasible,17.85345,50253
probportfolio,none,541,Feasible,18.20497,50000
probportfolio,rothberg,541,Feasible,17.90923,50002
queens-30,cplex-default,29,Feasible,-38,70801
queens-30,cplex-polishing,29,Feasible,-38,50002
queens-30,maravilha,29,Feasible,-38,50391
queens-30,none,29,Feasible,-38,50000
queens-30,rothberg,29,Feasible,-39,50001
queens-30,cplex-default,173,Feasible,-38,70081
queens-30,cplex-polishing,173,Feasible,-38,50002
queens-30,maravilha,173,Feasible,-38,50339
queens-30,none,173,Feasible,-38,50000
queens-30,rothberg,173,Feasible,-39,50002
queens-30,cplex-default,281,Feasible,-38,68730
queens-30,cplex-polishing,281,Feasible,-39,50002
queens-30,maravilha,281,Feasible,-38,50385
queens-30,none,281,Feasible,-38,50000
queens-30,rothberg,281,Feasible,-38,50001
queens-30,cplex-default,409,Feasible,-38,72801
queens-30,cplex-polishing,409,Feasible,-38,50002
queens-30,maravilha,409,Feasible,-38,50485
queens-30,none,409,Feasible,-38,50000
queens-30,rothberg,409,Feasible,-38,50001
queens-30,cplex-default,541,Feasible,-38,69657
queens-30,cplex-polishing,541,Feasible,-38,50002
queens-30,maravilha,541,Feasible,-38,50635
queens-30,none,541,Feasible,-38,50000
queens-30,rothberg,541,Feasible,-39,50002
r80x800,cplex-default,29,Feasible,5335,71123
r80x800,cplex-polishing,29,Feasible,5335,50007
r80x800,maravilha,29,Feasible,5334.99993,51291
r80x800,none,29,Feasible,5335,50000
r80x800,rothberg,29,Feasible,5335,51190
r80x800,cplex-default,173,Feasible,5335,70750
r80x800,cplex-polishing,173,Feasible,5332,50007
r80x800,maravilha,173,Feasible,5334.99995,51670
r80x800,none,173,Feasible,5335,50000
r80x800,rothberg,173,Feasible,5335,51513
r80x800,cplex-default,281,Feasible,5335,72494
r80x800,cplex-polishing,281,Feasible,5335,50006
r80x800,maravilha,281,Feasible,5334.9999,52108
r80x800,none,281,Feasible,5335,50000
r80x800,rothberg,281,Feasible,5335,51396
r80x800,cplex-default,409,Feasible,5337,70500
r80x800,cplex-polishing,409,Feasible,5332,50006
r80x800,maravilha,409,Feasible,5332,51890
r80x800,none,409,Feasible,5337,50000
r80x800,rothberg,409,Feasible,5337,51018
r80x800,cplex-default,541,Feasible,5347,71776
r80x800,cplex-polishing,541,Feasible,5344,50008
r80x800,maravilha,541,Feasible,5331.99998,52114
r80x800,none,541,Feasible,5347,50000
r80x800,rothberg,541,Feasible,5347,51349
reblock354,cplex-default,29,Feasible,-39276006.35632,77481
reblock354,cplex-polishing,29,Feasible,-39277997.23687,50042
reblock354,maravilha,29,Feasible,-39278263.54003,52774
reblock354,none,29,Feasible,-39267645.88307,50000
reblock354,rothberg,29,Feasible,-39277862.72945,50154
reblock354,cplex-default,173,Feasible,-39274826.14413,76751
reblock354,cplex-polishing,173,Feasible,-39276473.95926,50051
reblock354,maravilha,173,Feasible,-39274905.18441,53907
reblock354,none,173,Feasible,-39274826.14413,50000
reblock354,rothberg,173,Feasible,-39276473.95927,50123
reblock354,cplex-default,281,Feasible,-39255868.90687,73748
reblock354,cplex-polishing,281,Feasible,-39267000.82801,50048
reblock354,maravilha,281,Feasible,-39272491.66481,53447
reblock354,none,281,Feasible,-39243229.70173,50000
reblock354,rothberg,281,Feasible,-39251821.21105,50131
reblock354,cplex-default,409,Feasible,-39276263.3704,74192
reblock354,cplex-polishing,409,Feasible,-39277620.87008,50035
reblock354,maravilha,409,Feasible,-39277083.32784,52303
reblock354,none,409,Feasible,-39262644.1892,50000
reblock354,rothberg,409,Feasible,-39272153.25211,50092
reblock354,cplex-default,541,Feasible,-39251802.87026,74474
reblock354,cplex-polishing,541,Feasible,-39264997.61791,50042
reblock354,maravilha,541,Feasible,-39262776.13145,51990
reblock354,none,541,Feasible,-39249888.99307,50000
reblock354,rothberg,541,Feasible,-39264067.32338,50074
rmine10,cplex-default,29,Feasible,-1911.75541,69580
rmine10,cplex-polishing,29,Feasible,-1913.07885,50176
rmine10,maravilha,29,Feasible,-1913.00281,52658
rmine10,none,29,Feasible,-1911.66624,50000
rmine10,rothberg,29,Feasible,-1912.85491,50184
rmine10,cplex-default,173,Feasible,-1913.38229,76707
rmine10,cplex-polishing,173,Feasible,-1913.702,50239
rmine10,maravilha,173,Feasible,-1913.56956,56580
rmine10,none,173,Feasible,-1912.99544,50000
rmine10,rothberg,173,Feasible,-1913.31676,50187
rmine10,cplex-default,281,Feasible,-1912.8613,76120
rmine10,cplex-polishing,281,Feasible,-1913.5866,50209
rmine10,maravilha,281,Feasible,-1913.38423,52826
rmine10,none,281,Feasible,-1912.80393,50000
rmine10,rothberg,281,Feasible,-1912.9989,50292
rmine10,cplex-default,409,Feasible,-1912.48219,76555
rmine10,cplex-polishing,409,Feasible,-1912.81929,50220
rmine10,maravilha,409,Feasible,-1912.67587,56808
rmine10,none,409,Feasible,-1911.26906,50000
rmine10,rothberg,409,Feasible,-1912.85664,50122
rmine10,cplex-default,541,Feasible,-1912.54637,81409
rmine10,cplex-polishing,541,Feasible,-1913.00809,50237
rmine10,maravilha,541,Feasible,-1912.96252,53478
rmine10,none,541,Feasible,-1912.54637,50000
rmine10,rothberg,541,Feasible,-1912.93357,50313
rocII-9-11,cplex-default,29,Feasible,-3.64887,73125
rocII-9-11,cplex-polishing,29,Feasible,-4.72303,50046
rocII-9-11,maravilha,29,Feasible,-4.65714,50360
rocII-9-11,none,29,Feasible,-3.64732,50000
rocII-9-11,rothberg,29,Feasible,-4.72523,50039
rocII-9-11,cplex-default,173,Feasible,-3.63924,80518
rocII-9-11,cplex-polishing,173,Feasible,-4.72081,50036
rocII-9-11,maravilha,173,Feasible,-3.63368,50126
rocII-9-11,none,173,Feasible,-3.63368,50000
rocII-9-11,rothberg,173,Feasible,-3.63368,50094
rocII-9-11,cplex-default,281,Feasible,-3.65974,65896
rocII-9-11,cplex-polishing,281,Feasible,-4.70189,50022
rocII-9-11,maravilha,281,Feasible,-3.65516,50155
rocII-9-11,none,281,Feasible,-3.65516,50000
rocII-9-11,rothberg,281,Feasible,-4.71305,50014
rocII-9-11,cplex-default,409,Feasible,-3.68103,61846
rocII-9-11,cplex-polishing,409,Feasible,-3.72231,50023
rocII-9-11,maravilha,409,Feasible,-3.68554,50123
rocII-9-11,none,409,Feasible,-3.67559,50000
rocII-9-11,rothberg,409,Feasible,-3.72277,50015
rocII-9-11,cplex-default,541,Feasible,-3.6496,80945
rocII-9-11,cplex-polishing,541,Feasible,-4.71126,50031
rocII-9-11,maravilha,541,Feasible,-3.64627,50342
rocII-9-11,none,541,Feasible,-3.64627,50000
rocII-9-11,rothberg,541,Feasible,-3.64627,50056
rococoC12-111000,cplex-default,29,Feasible,36210,67337
rococoC12-111000,cplex-polishing,29,Feasible,35856,50015
rococoC12-111000,maravilha,29,Feasible,35845,53136
rococoC12-111000,none,29,Feasible,36239,50000
rococoC12-111000,rothberg,29,Feasible,36239,50767
rococoC12-111000,cplex-default,173,Feasible,36272,65775
rococoC12-111000,cplex-polishing,173,Feasible,35874,50010
rococoC12-111000,maravilha,173,Feasible,35786,51787
rococoC12-111000,none,173,Feasible,37412,50000
rococoC12-111000,rothberg,173,Feasible,36277,50008
rococoC12-111000,cplex-default,281,Feasible,36248,67461
rococoC12-111000,cplex-polishing,281,Feasible,35840,50010
rococoC12-111000,maravilha,281,Feasible,35840,50835
rococoC12-111000,none,281,Feasible,36248,50000
rococoC12-111000,rothberg,281,Feasible,36248,50626
rococoC12-111000,cplex-default,409,Feasible,36234,68336
rococoC12-111000,cplex-polishing,409,Feasible,35966,50014
rococoC12-111000,maravilha,409,Feasible,35628,52102
rococoC12-111000,none,409,Feasible,36234,50000
rococoC12-111000,rothberg,409,Feasible,36032,50025
rococoC12-111000,cplex-default,541,Feasible,35903,64536
rococoC12-111000,cplex-polishing,541,Feasible,35875,50010
rococoC12-111000,maravilha,541,Feasible,35868,50429
rococoC12-111000,none,541,Feasible,35903,50000
rococoC12-111000,rothberg,541,Feasible,35903,50680
rvb-sub,cplex-default,29,Feasible,53.47278,63409
rvb-sub,cplex-polishing,29,Feasible,53.47278,50001
rvb-sub,maravilha,29,Feasible,53.47278,50066
rvb-sub,none,29,Feasible,53.47278,50000
rvb-sub,rothberg,29,Feasible,53.47278,50025
rvb-sub,cplex-default,173,Feasible,45.47611,58269
rvb-sub,cplex-polishing,173,Feasible,45.47611,50002
rvb-sub,maravilha,173,Feasible,45.47611,50241
rvb-sub,none,173,Feasible,45.47611,50000
rvb-sub,rothberg,173,Feasible,45.47611,50012
rvb-sub,cplex-default,281,Feasible,27.22,63085
rvb-sub,cplex-polishing,281,Feasible,27.22,50001
rvb-sub,maravilha,281,Feasible,27.22,50135
rvb-sub,none,281,Feasible,27.22,50000
rvb-sub,rothberg,281,Feasible,27.22,50034
rvb-sub,cplex-default,409,Feasible,51.71667,65790
rvb-sub,cplex-polishing,409,Feasible,43.71667,50002
rvb-sub,maravilha,409,Feasible,51.71667,50095
rvb-sub,none,409,Feasible,51.71667,50000
rvb-sub,rothberg,409,Feasible,51.71667,50017
rvb-sub,cplex-default,541,Feasible,61.40667,68689
rvb-sub,cplex-polishing,541,Feasible,45.22278,50001
rvb-sub,maravilha,541,Feasible,51.13611,50045
rvb-sub,none,541,Feasible,67.06944,50000
rvb-sub,rothberg,541,Feasible,67.06944,50012
sct1,cplex-default,29,Feasible,-180.42698,80341
sct1,cplex-polishing,29,Feasible,-181.8975,50012
sct1,maravilha,29,Feasible,-182.44657,50983
sct1,none,29,Feasible,-180.3521,50000
sct1,rothberg,29,Feasible,-181.7361,50150
sct1,cplex-default,173,Feasible,-178.2979,80729
sct1,cplex-polishing,173,Feasible,-180.9105,50017
sct1,maravilha,173,Feasible,-180.95538,53394
sct1,none,173,Feasible,-177.93687,50000
sct1,rothberg,173,Feasible,-182.35202,50028
sct1,cplex-default,281,Feasible,-176.62046,89278
sct1,cplex-polishing,281,Feasible,-178.11807,50010
sct1,maravilha,281,Feasible,-177.27992,50902
sct1,none,281,Feasible,-175.99842,50000
sct1,rothberg,281,Feasible,-178.17846,50020
sct1,cplex-default,409,Feasible,-179.26386,84216
sct1,cplex-polishing,409,Feasible,-180.52513,50014
sct1,maravilha,409,Feasible,-180.00918,50784
sct1,none,409,Feasible,-179.06575,50000
sct1,rothberg,409,Feasible,-181.66215,50028
sct1,cplex-default,541,Feasible,-179.43878,83476
sct1,cplex-polishing,541,Feasible,-181.04412,50011
sct1,maravilha,541,Feasible,-180.89553,51636
sct1,none,541,Feasible,-178.89522,50000
sct1,rothberg,541,Feasible,-181.39646,50163
sct32,cplex-default,29,Feasible,-11.54312,80392
sct32,cplex-polishing,29,Feasible,-12.77024,50017
sct32,maravilha,29,Feasible,-11.81697,50891
sct32,none,29,Feasible,-11.39098,50000
sct32,rothberg,29,Feasible,-13.2304,50227
sct32,cplex-default,173,Feasible,-14.89971,69749
sct32,cplex-polishing,173,Feasible,-16.61495,50016
sct32,maravilha,173,Feasible,-16.74538,51928
sct32,none,173,Feasible,-13.84257,50000
sct32,rothberg,173,Feasible,-16.87862,50315
sct32,cplex-default,281,Feasible,-14.76269,64316
sct32,cplex-polishing,281,Feasible,-16.08206,50020
sct32,maravilha,281,Feasible,-15.61779,54110
sct32,none,281,Feasible,-14.76269,50000
sct32,rothberg,281,Feasible,-16.31818,50247
sct32,cplex-default,409,Feasible,-13.60136,69460
sct32,cplex-polishing,409,Feasible,-15.72941,50015
sct32,maravilha,409,Feasible,-15.75596,51364
sct32,none,409,Feasible,-13.60136,50000
sct32,rothberg,409,Feasible,-15.99023,50169
sct32,cplex-default,541,Feasible,-13.08434,70343
sct32,cplex-polishing,541,Feasible,-13.34172,50019
sct32,maravilha,541,Feasible,-12.63344,52637
sct32,none,541,Feasible,-10.49215,50000
sct32,rothberg,541,Feasible,-13.31559,50059
set3-10,cplex-default,29,Feasible,229270.80996,71858
set3-10,cplex-polishing,29,Feasible,204794.16347,50004
set3-10,maravilha,29,Feasible,200198.81656,50300
set3-10,none,29,Feasible,229270.80996,50000
set3-10,rothberg,29,Feasible,205549.84154,50004
set3-10,cplex-default,173,Feasible,231092.9827,72023
set3-10,cplex-polishing,173,Feasible,193398.92143,50003
set3-10,maravilha,173,Feasible,190830.6586,50401
set3-10,none,173,Feasible,231092.9827,50000
set3-10,rothberg,173,Feasible,191910.77714,50003
set3-10,cplex-default,281,Feasible,234147.29761,76045
set3-10,cplex-polishing,281,Feasible,208171.0336,50003
set3-10,maravilha,281,Feasible,203882.64046,50275
set3-10,none,281,Feasible,234147.29761,50000
set3-10,rothberg,281,Feasible,208854.32232,50004
set3-10,cplex-default,409,Feasible,218414.16628,74018
set3-10,cplex-polishing,409,Feasible,199014.65611,50004
set3-10,maravilha,409,Feasible,195434.17675,50830
set3-10,none,409,Feasible,218414.16628,50000
set3-10,rothberg,409,Feasible,196840.12042,50004
set3-10,cplex-default,541,Feasible,229134.57998,75495
set3-10,cplex-polishing,541,Feasible,211163.83282,50004
set3-10,maravilha,541,Feasible,198859.26813,50488
set3-10,none,541,Feasible,229134.57998,50000
set3-10,rothberg,541,Feasible,212263.02398,50005
set3-15,cplex-default,29,Feasible,167768.44081,75292
set3-15,cplex-polishing,29,Feasible,128624.48084,50003
set3-15,maravilha,29,Feasible,134992.82555,50198
set3-15,none,29,Feasible,167768.44081,50000
set3-15,rothberg,29,Feasible,129574.95906,50008
set3-15,cplex-default,173,Feasible,156480.04193,72379
set3-15,cplex-polishing,173,Feasible,141629.59717,50003
set3-15,maravilha,173,Feasible,138216.80833,50269
set3-15,none,173,Feasible,165531.60388,50000
set3-15,rothberg,173,Feasible,138216.80833,50005
set3-15,cplex-default,281,Feasible,155828.37224,72143
set3-15,cplex-polishing,281,Feasible,143881.653,50002
set3-15,maravilha,281,Feasible,144726.85025,50236
set3-15,none,281,Feasible,155828.37224,50000
set3-15,rothberg,281,Feasible,137320.55131,50003
set3-15,cplex-default,409,Feasible,154515.29884,72887
set3-15,cplex-polishing,409,Feasible,140348.46514,50002
set3-15,maravilha,409,Feasible,133372.77656,50311
set3-15,none,409,Feasible,154515.29884,50000
set3-15,rothberg,409,Feasible,136606.48016,50003
set3-15,cplex-default,541,Feasible,150970.69603,71454
set3-15,cplex-polishing,541,Feasible,140267.69125,50002
set3-15,maravilha,541,Feasible,139303.75037,50208
set3-15,none,541,Feasible,150970.69603,50000
set3-15,rothberg,541,Feasible,139303.75037,50006
set3-20,cplex-default,29,Feasible,215521.7247,72175
set3-20,cplex-polishing,29,Feasible,173354.76696,50002
set3-20,maravilha,29,Feasible,183630.47582,50086
set3-20,none,29,Feasible,215521.7247,50000
set3-20,rothberg,29,Feasible,173578.24437,50004
set3-20,cplex-default,173,Feasible,203582.17197,73670
set3-20,cplex-polishing,173,Feasible,181303.19069,50003
set3-20,maravilha,173,Feasible,170199.60098,50344
set3-20,none,173,Feasible,211900.34251,50000
set3-20,rothberg,173,Feasible,167270.0714,50003
set3-20,cplex-default,281,Feasible,186397.96698,73783
set3-20,cplex-polishing,281,Feasible,180861.59437,50002
set3-20,maravilha,281,Feasible,167338.43208,50932
set3-20,none,281,Feasible,201064.32466,50000
set3-20,rothberg,281,Feasible,170938.00641,50004
set3-20,cplex-default,409,Feasible,201410.30801,72368
set3-20,cplex-polishing,409,Feasible,169569.76237,50003
set3-20,maravilha,409,Feasible,168555.37219,50231
set3-20,none,409,Feasible,201410.30801,50000
set3-20,rothberg,409,Feasible,164720.12339,50008
set3-20,cplex-default,541,Feasible,182639.19242,76801
set3-20,cplex-polishing,541,Feasible,171267.31112,50005
set3-20,maravilha,541,Feasible,168970.88938,50283
set3-20,none,541,Feasible,182639.19242,50000
set3-20,rothberg,541,Feasible,170660.2012,50007
seymour-disj-10,cplex-default,29,Feasible,288,76099
seymour-disj-10,cplex-polishing,29,Feasible,288,50008
seymour-disj-10,maravilha,29,Feasible,287,50437
seymour-disj-10,none,29,Feasible,288,50000
seymour-disj-10,rothberg,29,Feasible,287,50005
seymour-disj-10,cplex-default,173,Feasible,287,67922
seymour-disj-10,cplex-polishing,173,Feasible,287,50009
seymour-disj-10,maravilha,173,Feasible,287,50251
seymour-disj-10,none,173,Feasible,287,50000
seymour-disj-10,rothberg,173,Feasible,287,51109
seymour-disj-10,cplex-default,281,Feasible,288,70656
seymour-disj-10,cplex-polishing,281,Feasible,287,50009
seymour-disj-10,maravilha,281,Feasible,287,50348
seymour-disj-10,none,281,Feasible,288,50000
seymour-disj-10,rothberg,281,Feasible,287,50326
seymour-disj-10,cplex-default,409,Feasible,288,74980
seymour-disj-10,cplex-polishing,409,Feasible,287,50008
seymour-disj-10,maravilha,409,Feasible,287,50295
seymour-disj-10,none,409,Feasible,288,50000
seymour-disj-10,rothberg,409,Feasible,287,50314
seymour-disj-10,cplex-default,541,Feasible,288,75854
seymour-disj-10,cplex-polishing,541,Feasible,287,50008
seymour-disj-10,maravilha,541,Feasible,287,50271
seymour-disj-10,none,541,Feasible,288,50000
seymour-disj-10,rothberg,541,Feasible,287,50010
shipsched,cplex-default,29,Feasible,137504,67254
shipsched,cplex-polishing,29,Feasible,136039,50003
shipsched,maravilha,29,Feasible,140462,50058
shipsched,none,29,Feasible,140476,50000
shipsched,rothberg,29,Feasible,139262,50045
shipsched,cplex-default,173,Feasible,145565,68470
shipsched,cplex-polishing,173,Feasible,137773,50003
shipsched,maravilha,173,Feasible,135919,50284
shipsched,none,173,Feasible,145701,50000
shipsched,rothberg,173,Feasible,145119,50035
shipsched,cplex-default,281,Feasible,152811,68232
shipsched,cplex-polishing,281,Feasible,144982,50004
shipsched,maravilha,281,Feasible,147000,50242
shipsched,none,281,Feasible,154694,50000
shipsched,rothberg,281,Feasible,154220.99995,50026
shipsched,cplex-default,409,Feasible,135507,69359
shipsched,cplex-polishing,409,Feasible,131299,50005
shipsched,maravilha,409,Feasible,131303,50285
shipsched,none,409,Feasible,137044,50000
shipsched,rothberg,409,Feasible,136182.99993,50037
shipsched,cplex-default,541,Feasible,132474,68369
shipsched,cplex-polishing,541,Feasible,125797,50003
shipsched,maravilha,541,Feasible,126221.99997,50163
shipsched,none,541,Feasible,135818,50000
shipsched,rothberg,541,Feasible,134298,50034
siena1,cplex-default,29,Feasible,57472333.5945,86654
siena1,cplex-polishing,29,Feasible,10589625.9003,50025
siena1,maravilha,29,Feasible,21939459.8608,50219
siena1,none,29,Feasible,67341376.3768,50000
siena1,rothberg,29,Feasible,10652700.9006,50026
siena1,cplex-default,173,Feasible,45118790.03988,83601
siena1,cplex-polishing,173,Feasible,11382119.6111,50032
siena1,maravilha,173,Feasible,15231482.06063,50171
siena1,none,173,Feasible,45615876.15608,50000
siena1,rothberg,173,Feasible,10854396.4039,50018
siena1,cplex-default,281,Feasible,109668946.42684,82521
siena1,cplex-polishing,281,Feasible,25595201.8729,50024
siena1,maravilha,281,Feasible,37714169.93858,50588
siena1,none,281,Feasible,119323429.1179,50000
siena1,rothberg,281,Feasible,12664645.2273,50030
siena1,cplex-default,409,Feasible,67377326.08269,87019
siena1,cplex-polishing,409,Feasible,10913635.4045,50026
siena1,maravilha,409,Feasible,19244548.3106,50191
siena1,none,409,Feasible,69647011.1176,50000
siena1,rothberg,409,Feasible,10769149.5024,50017
siena1,cplex-default,541,Feasible,82677226.85368,94261
siena1,cplex-polishing,541,Feasible,12106612.6225,50025
siena1,maravilha,541,Feasible,36272570.2678,50671
siena1,none,541,Feasible,96492193.9277,50000
siena1,rothberg,541,Feasible,11365687.6108,50033
sing2,cplex-default,29,Feasible,17405551.64287,72941
sing2,cplex-polishing,29,Feasible,17350079.37209,50014
sing2,maravilha,29,Feasible,17402290.39994,50434
sing2,none,29,Feasible,17406754.26047,50000
sing2,rothberg,29,Feasible,17384000.52127,50344
sing2,cplex-default,173,Feasible,17389427.20917,71577
sing2,cplex-polishing,173,Feasible,17338625.64886,50014
sing2,maravilha,173,Feasible,17377456.89336,50477
sing2,none,173,Feasible,17393414.29653,50000
sing2,rothberg,173,Feasible,17385073.56489,50360
sing2,cplex-default,281,Feasible,17368694.43443,74865
sing2,cplex-polishing,281,Feasible,17338398.46407,50012
sing2,maravilha,281,Feasible,17383422.57337,50409
sing2,none,281,Feasible,17384422.8063,50000
sing2,rothberg,281,Feasible,17376096.12503,50230
sing2,cplex-default,409,Feasible,17375094.95048,71080
sing2,cplex-polishing,409,Feasible,17356078.42003,50015
sing2,maravilha,409,Feasible,17387365.44932,50473
sing2,none,409,Feasible,17388084.00487,50000
sing2,rothberg,409,Feasible,17386339.54366,50309
sing2,cplex-default,541,Feasible,17400224.74851,80028
sing2,cplex-polishing,541,Feasible,17360495.05944,50018
sing2,maravilha,541,Feasible,17394725.59168,51610
sing2,none,541,Feasible,17422586.0261,50000
sing2,rothberg,541,Feasible,17398514.50241,50508
sts405,cplex-default,29,Feasible,345,87332
sts405,cplex-polishing,29,Feasible,344,50016
sts405,maravilha,29,Feasible,343,51696
sts405,none,29,Feasible,345,50000
sts405,rothberg,29,Feasible,342,50028
sts405,cplex-default,173,Feasible,346,94782
sts405,cplex-polishing,173,Feasible,343,50101
sts405,maravilha,173,Feasible,343,51399
sts405,none,173,Feasible,347,50000
sts405,rothberg,173,Feasible,345,50003
sts405,cplex-default,281,Feasible,346,86776
sts405,cplex-polishing,281,Feasible,345,50013
sts405,maravilha,281,Feasible,345,53124
sts405,none,281,Feasible,347,50000
sts405,rothberg,281,Feasible,342,50010
sts405,cplex-default,409,Feasible,347,90401
sts405,cplex-polishing,409,Feasible,345,50016
sts405,maravilha,409,Feasible,347,51628
sts405,none,409,Feasible,347,50000
sts405,rothberg,409,Feasible,345,50002
sts405,cplex-default,541,Feasible,347,123367
sts405,cplex-polishing,541,Feasible,344,50045
sts405,maravilha,541,Feasible,346,63645
sts405,none,541,Feasible,347,50000
sts405,rothberg,541,Feasible,342,50099
uc-case3,cplex-default,29,Feasible,7204.91877,80190
uc-case3,cplex-polishing,29,Feasible,7204.91877,50016
uc-case3,maravilha,29,Feasible,7204.91877,51029
uc-case3,none,29,Feasible,7204.91877,50000
uc-case3,rothberg,29,Feasible,7204.91877,50537
uc-case3,cplex-default,173,Feasible,7204.91877,98314
uc-case3,cplex-polishing,173,Feasible,7204.91877,50026
uc-case3,maravilha,173,Feasible,7204.91877,50561
uc-case3,none,173,Feasible,7204.91877,50000
uc-case3,rothberg,173,Feasible,7204.91877,50706
uc-case3,cplex-default,281,Feasible,7204.91877,113995
uc-case3,cplex-polishing,281,Feasible,7204.91877,50014
uc-case3,maravilha,281,Feasible,7204.91877,50662
uc-case3,none,281,Feasible,7204.91877,50000
uc-case3,rothberg,281,Feasible,7204.91877,50449
uc-case3,cplex-default,409,Feasible,7204.91877,108556
uc-case3,cplex-polishing,409,Feasible,7204.91877,50015
uc-case3,maravilha,409,Feasible,7204.91877,51611
uc-case3,none,409,Feasible,7204.91877,50000
uc-case3,rothberg,409,Feasible,7204.91877,50208
uc-case3,cplex-default,541,Feasible,7204.91877,102776
uc-case3,cplex-polishing,541,Feasible,7204.91877,50023
uc-case3,maravilha,541,Feasible,7204.91877,50730
uc-case3,none,541,Feasible,7204.91877,50000
uc-case3,rothberg,541,Feasible,7204.91877,50653
usAbbrv-8-25_70,cplex-default,29,Feasible,123,62136
usAbbrv-8-25_70,cplex-polishing,29,Feasible,122,50008
usAbbrv-8-25_70,maravilha,29,Feasible,122,50623
usAbbrv-8-25_70,none,29,Feasible,123,50000
usAbbrv-8-25_70,rothberg,29,Feasible,123,50151
usAbbrv-8-25_70,cplex-default,173,Feasible,123,65035
usAbbrv-8-25_70,cplex-polishing,173,Feasible,121,50010
usAbbrv-8-25_70,maravilha,173,Feasible,121,50525
usAbbrv-8-25_70,none,173,Feasible,123,50000
usAbbrv-8-25_70,rothberg,173,Feasible,121,50060
usAbbrv-8-25_70,cplex-default,281,Feasible,123,63731
usAbbrv-8-25_70,cplex-polishing,281,Feasible,121,50008
usAbbrv-8-25_70,maravilha,281,Feasible,121,50440
usAbbrv-8-25_70,none,281,Feasible,123,50000
usAbbrv-8-25_70,rothberg,281,Feasible,122,50031
usAbbrv-8-25_70,cplex-default,409,Feasible,124,68196
usAbbrv-8-25_70,cplex-polishing,409,Feasible,121,50013
usAbbrv-8-25_70,maravilha,409,Feasible,121,50643
usAbbrv-8-25_70,none,409,Feasible,124,50000
usAbbrv-8-25_70,rothberg,409,Feasible,121,50334
usAbbrv-8-25_70,cplex-default,541,Feasible,123,64096
usAbbrv-8-25_70,cplex-polishing,541,Feasible,120,50008
usAbbrv-8-25_70,maravilha,541,Feasible,120,50513
usAbbrv-8-25_70,none,541,Feasible,123,50000
usAbbrv-8-25_70,rothberg,541,Feasible,120,50026
wnq-n100-mw99-14,cplex-default,29,Feasible,277,75068
wnq-n100-mw99-14,cplex-polishing,29,Feasible,269,50008
wnq-n100-mw99-14,maravilha,29,Feasible,270,50047
wnq-n100-mw99-14,none,29,Feasible,279,50000
wnq-n100-mw99-14,rothberg,29,Feasible,269,50002
wnq-n100-mw99-14,cplex-default,173,Feasible,277,76775
wnq-n100-mw99-14,cplex-polishing,173,Feasible,277,50008
wnq-n100-mw99-14,maravilha,173,Feasible,277,50046
wnq-n100-mw99-14,none,173,Feasible,277,50000
wnq-n100-mw99-14,rothberg,173,Feasible,272,50001
wnq-n100-mw99-14,cplex-default,281,Feasible,279,75723
wnq-n100-mw99-14,cplex-polishing,281,Feasible,271,50008
wnq-n100-mw99-14,maravilha,281,Feasible,272,50051
wnq-n100-mw99-14,none,281,Feasible,279,50000
wnq-n100-mw99-14,rothberg,281,Feasible,274,50001
wnq-n100-mw99-14,cplex-default,409,Feasible,281,76278
wnq-n100-mw99-14,cplex-polishing,409,Feasible,267,50008
wnq-n100-mw99-14,maravilha,409,Feasible,281,50058
wnq-n100-mw99-14,none,409,Feasible,281,50000
wnq-n100-mw99-14,rothberg,409,Feasible,269,50001
wnq-n100-mw99-14,cplex-default,541,Feasible,272,75573
wnq-n100-mw99-14,cplex-polishing,541,Feasible,272,50008
wnq-n100-mw99-14,maravilha,541,Feasible,272,50046
wnq-n100-mw99-14,none,541,Feasible,272,50000
wnq-n100-mw99-14,rothberg,541,Feasible,268,50001
